Fit,Min Size,Max Size,Hole Low,Hole High,Shaft Low,Shaft High,Hole Zone,Shaft Zone
LT1,0.00000,0.12000,0.00000,0.00040,-0.00010,0.00010,H7,js6
LT1,0.12000,0.24000,0.00000,0.00050,-0.00015,0.00015,H7,js6
LT1,0.24000,0.40000,0.00000,0.00060,-0.00020,0.00020,H7,js6
LT1,0.40000,0.71000,0.00000,0.00070,-0.00020,0.00020,H7,js6
LT1,0.71000,1.19000,0.00000,0.00080,-0.00025,0.00025,H7,js6
LT1,1.19000,1.97000,0.00000,0.00100,-0.00030,0.00030,H7,js6
LT1,1.97000,3.15000,0.00000,0.00120,-0.00030,0.00030,H7,js6
LT1,3.15000,4.73000,0.00000,0.00140,-0.00040,0.00040,H7,js6
LT1,4.73000,7.09000,0.00000,0.00160,-0.00050,0.00050,H7,js6
LT1,7.09000,9.85000,0.00000,0.00180,-0.00060,0.00060,H7,js6
LT1,9.85000,12.41000,0.00000,0.00200,-0.00060,0.00060,H7,js6
LT1,12.41000,15.75000,0.00000,0.00220,-0.00070,0.00070,H7,js6
LT1,15.75000,19.69000,0.00000,0.00250,-0.00080,0.00080,H7,js6
LT2,0.00000,0.12000,0.00000,0.00060,-0.00020,0.00020,H8,js7
LT2,0.12000,0.24000,0.00000,0.00070,-0.00025,0.00025,H8,js7
LT2,0.24000,0.40000,0.00000,0.00090,-0.00030,0.00030,H8,js7
LT2,0.40000,0.71000,0.00000,0.00100,-0.00035,0.00035,H8,js7
LT2,0.71000,1.19000,0.00000,0.00120,-0.00040,0.00040,H8,js7
LT2,1.19000,1.97000,0.00000,0.00160,-0.00050,0.00050,H8,js7
LT2,1.97000,3.15000,0.00000,0.00180,-0.00060,0.00060,H8,js7
LT2,3.15000,4.73000,0.00000,0.00220,-0.00070,0.00070,H8,js7
LT2,4.73000,7.09000,0.00000,0.00250,-0.00080,0.00080,H8,js7
LT2,7.09000,9.85000,0.00000,0.00280,-0.00090,0.00090,H8,js7
LT2,9.85000,12.41000,0.00000,0.00300,-0.00100,0.00100,H8,js7
LT2,12.41000,15.75000,0.00000,0.00350,-0.00100,0.00100,H8,js7
LT2,15.75000,19.69000,0.00000,0.00400,-0.00120,0.00120,H8,js7
LT3,0.24000,0.40000,0.00000,0.00060,0.00010,0.00050,H7,k6
LT3,0.40000,0.71000,0.00000,0.00070,0.00010,0.00050,H7,k6
LT3,0.71000,1.19000,0.00000,0.00080,0.00010,0.00060,H7,k6
LT3,1.19000,1.97000,0.00000,0.00100,0.00010,0.00070,H7,k6
LT3,1.97000,3.15000,0.00000,0.00120,0.00010,0.00080,H7,k6
LT3,3.15000,4.73000,0.00000,0.00140,0.00010,0.00100,H7,k6
LT3,4.73000,7.09000,0.00000,0.00160,0.00010,0.00110,H7,k6
LT3,7.09000,9.85000,0.00000,0.00180,0.00020,0.00140,H7,k6
LT3,9.85000,12.41000,0.00000,0.00200,0.00020,0.00140,H7,k6
LT3,12.41000,15.75000,0.00000,0.00220,0.00020,0.00160,H7,k6
LT3,15.75000,19.69000,0.00000,0.00250,0.00020,0.00180,H7,k6
LT4,0.24000,0.40000,0.00000,0.00090,0.00010,0.00070,H8,k7
LT4,0.40000,0.71000,0.00000,0.00100,0.00010,0.00080,H8,k7
LT4,0.71000,1.19000,0.00000,0.00120,0.00010,0.00090,H8,k7
LT4,1.19000,1.97000,0.00000,0.00160,0.00010,0.00110,H8,k7
LT4,1.97000,3.15000,0.00000,0.00180,0.00010,0.00130,H8,k7
LT4,3.15000,4.73000,0.00000,0.00220,0.00010,0.00150,H8,k7
LT4,4.73000,7.09000,0.00000,0.00250,0.00010,0.00170,H8,k7
LT4,7.09000,9.85000,0.00000,0.00280,0.00020,0.00200,H8,k7
LT4,9.85000,12.41000,0.00000,0.00300,0.00020,0.00220,H8,k7
LT4,12.41000,15.75000,0.00000,0.00350,0.00020,0.00240,H8,k7
LT4,15.75000,19.69000,0.00000,0.00400,0.00020,0.00270,H8,k7
LT5,0.00000,0.12000,0.00000,0.00040,0.00025,0.00050,H7,n6
LT5,0.12000,0.24000,0.00000,0.00050,0.00030,0.00060,H7,n6
LT5,0.24000,0.40000,0.00000,0.00060,0.00040,0.00080,H7,n6
LT5,0.40000,0.71000,0.00000,0.00070,0.00050,0.00090,H7,n6
LT5,0.71000,1.19000,0.00000,0.00080,0.00060,0.00110,H7,n6
LT5,1.19000,1.97000,0.00000,0.00100,0.00070,0.00130,H7,n6
LT5,1.97000,3.15000,0.00000,0.00120,0.00080,0.00150,H7,n6
LT5,3.15000,4.73000,0.00000,0.00140,0.00100,0.00190,H7,n6
LT5,4.73000,7.09000,0.00000,0.00160,0.00120,0.00220,H7,n6
LT5,7.09000,9.85000,0.00000,0.00180,0.00140,0.00260,H7,n6
LT5,9.85000,12.41000,0.00000,0.00200,0.00140,0.00260,H7,n6
LT5,12.41000,15.75000,0.00000,0.00220,0.00160,0.00300,H7,n6
LT5,15.75000,19.69000,0.00000,0.00250,0.00180,0.00340,H7,n6
LT6,0.00000,0.12000,0.00000,0.00040,0.00025,0.00065,H7,n7
LT6,0.12000,0.24000,0.00000,0.00050,0.00030,0.00080,H7,n7
LT6,0.24000,0.40000,0.00000,0.00060,0.00040,0.00100,H7,n7
LT6,0.40000,0.71000,0.00000,0.00070,0.00050,0.00120,H7,n7
LT6,0.71000,1.19000,0.00000,0.00080,0.00060,0.00140,H7,n7
LT6,1.19000,1.97000,0.00000,0.00100,0.00070,0.00170,H7,n7
LT6,1.97000,3.15000,0.00000,0.00120,0.00080,0.00200,H7,n7
LT6,3.15000,4.73000,0.00000,0.00140,0.00100,0.00240,H7,n7
LT6,4.73000,7.09000,0.00000,0.00160,0.00120,0.00280,H7,n7
LT6,7.09000,9.85000,0.00000,0.00180,0.00140,0.00320,H7,n7
LT6,9.85000,12.41000,0.00000,0.00200,0.00140,0.00340,H7,n7
LT6,12.41000,15.75000,0.00000,0.00220,0.00160,0.00380,H7,n7
LT6,15.75000,19.69000,0.00000,0.00250,0.00180,0.00430,H7,n7
LN1,0.00000,0.12000,0.00000,0.00025,0.00025,0.00045,H6,n5
LN1,0.12000,0.24000,0.00000,0.00030,0.00030,0.00050,H6,n5
LN1,0.24000,0.40000,0.00000,0.00040,0.00040,0.00065,H6,n5
LN1,0.40000,0.71000,0.00000,0.00040,0.00040,0.00080,H6,n5
LN1,0.71000,1.19000,0.00000,0.00050,0.00050,0.00100,H6,n5
LN1,1.19000,1.97000,0.00000,0.00060,0.00060,0.00110,H6,n5
LN1,1.97000,3.15000,0.00000,0.00070,0.00070,0.00130,H6,n5
LN1,3.15000,4.73000,0.00000,0.00100,0.00090,0.00160,H6,n5
LN1,4.73000,7.09000,0.00000,0.00120,0.00100,0.00190,H6,n5
LN1,7.09000,9.85000,0.00000,0.00140,0.00120,0.00220,H6,n5
LN1,9.85000,12.41000,0.00000,0.00140,0.00120,0.00230,H6,n5
LN1,12.41000,15.75000,0.00000,0.00160,0.00140,0.00260,H6,n5
LN1,15.75000,19.69000,0.00000,0.00180,0.00160,0.00280,H6,n5
LN2,0.00000,0.12000,0.00000,0.00040,0.00040,0.00065,H7,p6
LN2,0.12000,0.24000,0.00000,0.00050,0.00050,0.00080,H7,p6
LN2,0.24000,0.40000,0.00000,0.00060,0.00060,0.00100,H7,p6
LN2,0.40000,0.71000,0.00000,0.00070,0.00070,0.00110,H7,p6
LN2,0.71000,1.19000,0.00000,0.00080,0.00080,0.00130,H7,p6
LN2,1.19000,1.97000,0.00000,0.00100,0.00100,0.00160,H7,p6
LN2,1.97000,3.15000,0.00000,0.00140,0.00120,0.00210,H7,p6
LN2,3.15000,4.73000,0.00000,0.00160,0.00140,0.00250,H7,p6
LN2,4.73000,7.09000,0.00000,0.00180,0.00160,0.00280,H7,p6
LN2,7.09000,9.85000,0.00000,0.00200,0.00180,0.00320,H7,p6
LN2,9.85000,12.41000,0.00000,0.00220,0.00200,0.00340,H7,p6
LN2,12.41000,15.75000,0.00000,0.00250,0.00220,0.00390,H7,p6
LN2,15.75000,19.69000,0.00000,0.00280,0.00250,0.00440,H7,p6
LN3,0.00000,0.12000,0.00000,0.00050,0.00040,0.00075,H7,r6
LN3,0.12000,0.24000,0.00000,0.00060,0.00050,0.00090,H7,r6
LN3,0.24000,0.40000,0.00000,0.00080,0.00060,0.00120,H7,r6
LN3,0.40000,0.71000,0.00000,0.00100,0.00070,0.00140,H7,r6
LN3,0.71000,1.19000,0.00000,0.00120,0.00080,0.00170,H7,r6
LN3,1.19000,1.97000,0.00000,0.00140,0.00100,0.00200,H7,r6
LN3,1.97000,3.15000,0.00000,0.00160,0.00120,0.00230,H7,r6
LN3,3.15000,4.73000,0.00000,0.00200,0.00140,0.00290,H7,r6
LN3,4.73000,7.09000,0.00000,0.00250,0.00160,0.00350,H7,r6
LN3,7.09000,9.85000,0.00000,0.00300,0.00180,0.00420,H7,r6
LN3,9.85000,12.41000,0.00000,0.00350,0.00200,0.00470,H7,r6
LN3,12.41000,15.75000,0.00000,0.00450,0.00220,0.00590,H7,r6
LN3,15.75000,19.69000,0.00000,0.00500,0.00250,0.00660,H7,r6
RC1,0.00000,0.12000,0.00000,0.00020,-0.00010,-0.00025,H5,g4
RC1,0.12100,0.24000,0.00000,0.00020,-0.00015,-0.00030,H5,g4
RC1,0.24100,0.40000,0.00000,0.00025,-0.00020,-0.00035,H5,g4
RC1,0.40100,0.71000,0.00000,0.00030,-0.00025,-0.00045,H5,g4
RC1,0.71100,1.19000,0.00000,0.00040,-0.00030,-0.00055,H5,g4
RC1,1.19100,1.97000,0.00000,0.00040,-0.00040,-0.00070,H5,g4
RC1,1.97100,3.15000,0.00000,0.00050,-0.00040,-0.00070,H5,g4
RC1,3.15100,4.73000,0.00000,0.00060,-0.00050,-0.00090,H5,g4
RC1,4.73100,7.09000,0.00000,0.00070,-0.00060,-0.00110,H5,g4
RC1,7.09100,9.85000,0.00000,0.00080,-0.00060,-0.00120,H5,g4
RC1,9.85100,12.41000,0.00000,0.00090,-0.00080,-0.00140,H5,g4
RC1,12.41100,15.75000,0.00000,0.00100,-0.00100,-0.00170,H5,g4
RC1,15.75100,19.69000,0.00000,0.00100,-0.00120,-0.00200,H5,g4
RC1,19.69100,30.09000,0.00000,0.00120,-0.00160,-0.00250,H5,g4
RC1,30.09100,41.49000,0.00000,0.00160,-0.00200,-0.00300,H5,g4
RC1,41.49100,56.19000,0.00000,0.00200,-0.00250,-0.00370,H5,g4
RC1,56.19100,76.39000,0.00000,0.00250,-0.00300,-0.00460,H5,g4
RC1,76.39100,100.90000,0.00000,0.00300,-0.00400,-0.00600,H5,g4
RC1,100.91000,131.90000,0.00000,0.00400,-0.00500,-0.00750,H5,g4
RC1,131.91000,171.90000,0.00000,0.00500,-0.00600,-0.00900,H5,g4
RC2,0.00000,0.12000,0.00000,0.00025,-0.00010,-0.00030,H6,g5
RC2,0.12100,0.24000,0.00000,0.00030,-0.00015,-0.00035,H6,g5
RC2,0.24100,0.40000,0.00000,0.00040,-0.00020,-0.00045,H6,g5
RC2,0.40100,0.71000,0.00000,0.00040,-0.00025,-0.00055,H6,g5
RC2,0.71100,1.19000,0.00000,0.00050,-0.00030,-0.00070,H6,g5
RC2,1.19100,1.97000,0.00000,0.00060,-0.00040,-0.00080,H6,g5
RC2,1.97100,3.15000,0.00000,0.00070,-0.00040,-0.00090,H6,g5
RC2,3.15100,4.73000,0.00000,0.00090,-0.00050,-0.00110,H6,g5
RC2,4.73100,7.09000,0.00000,0.00100,-0.00060,-0.00130,H6,g5
RC2,7.09100,9.85000,0.00000,0.00120,-0.00060,-0.00140,H6,g5
RC2,9.85100,12.41000,0.00000,0.00120,-0.00080,-0.00170,H6,g5
RC2,12.41100,15.75000,0.00000,0.00140,-0.00100,-0.00200,H6,g5
RC2,15.75100,19.69000,0.00000,0.00160,-0.00120,-0.00220,H6,g5
RC2,19.69100,30.09000,0.00000,0.00200,-0.00160,-0.00280,H6,g5
RC2,30.09100,41.49000,0.00000,0.00250,-0.00200,-0.00360,H6,g5
RC2,41.49100,56.19000,0.00000,0.00300,-0.00250,-0.00450,H6,g5
RC2,56.19100,76.39000,0.00000,0.00400,-0.00300,-0.00550,H6,g5
RC2,76.39100,100.90000,0.00000,0.00500,-0.00400,-0.00700,H6,g5
RC2,100.91000,131.90000,0.00000,0.00600,-0.00500,-0.00900,H6,g5
RC2,131.91000,171.90000,0.00000,0.00800,-0.00600,-0.01100,H6,g5
RC3,0.00000,0.12000,0.00000,0.00040,-0.00030,-0.00055,H7,f6
RC3,0.12100,0.24000,0.00000,0.00050,-0.00040,-0.00070,H7,f6
RC3,0.24100,0.40000,0.00000,0.00060,-0.00050,-0.00090,H7,f6
RC3,0.40100,0.71000,0.00000,0.00070,-0.00060,-0.00100,H7,f6
RC3,0.71100,1.19000,0.00000,0.00080,-0.00080,-0.00130,H7,f6
RC3,1.19100,1.97000,0.00000,0.00100,-0.00100,-0.00160,H7,f6
RC3,1.97100,3.15000,0.00000,0.00120,-0.00120,-0.00190,H7,f6
RC3,3.15100,4.73000,0.00000,0.00140,-0.00140,-0.00230,H7,f6
RC3,4.73100,7.09000,0.00000,0.00160,-0.00160,-0.00260,H7,f6
RC3,7.09100,9.85000,0.00000,0.00180,-0.00200,-0.00320,H7,f6
RC3,9.85100,12.41000,0.00000,0.00200,-0.00250,-0.00370,H7,f6
RC3,12.41100,15.75000,0.00000,0.00220,-0.00300,-0.00440,H7,f6
RC3,15.75100,19.69000,0.00000,0.00160,-0.00400,-0.00560,H7,f6
RC3,19.69100,30.09000,0.00000,0.00300,-0.00500,-0.00700,H7,f6
RC3,30.09100,41.49000,0.00000,0.00400,-0.00600,-0.00850,H7,f6
RC3,41.49100,56.19000,0.00000,0.00500,-0.00800,-0.01100,H7,f6
RC3,56.19100,76.39000,0.00000,0.00600,-0.01000,-0.01400,H7,f6
RC3,76.39100,100.90000,0.00000,0.00800,-0.01200,-0.01700,H7,f6
RC3,100.91000,131.90000,0.00000,0.01000,-0.01600,-0.02200,H7,f6
RC3,131.91000,171.90000,0.00000,0.00800,-0.01800,-0.02600,H7,f6
RC4,0.00000,0.12000,0.00000,0.00060,-0.00030,-0.00070,H8,f7
RC4,0.12100,0.24000,0.00000,0.00070,-0.00040,-0.00090,H8,f7
RC4,0.24100,0.40000,0.00000,0.00090,-0.00050,-0.00110,H8,f7
RC4,0.40100,0.71000,0.00000,0.00100,-0.00060,-0.00130,H8,f7
RC4,0.71100,1.19000,0.00000,0.00120,-0.00080,-0.00160,H8,f7
RC4,1.19100,1.97000,0.00000,0.00160,-0.00100,-0.00200,H8,f7
RC4,1.97100,3.15000,0.00000,0.00180,-0.00120,-0.00240,H8,f7
RC4,3.15100,4.73000,0.00000,0.00220,-0.00140,-0.00280,H8,f7
RC4,4.73100,7.09000,0.00000,0.00250,-0.00160,-0.00320,H8,f7
RC4,7.09100,9.85000,0.00000,0.00280,-0.00200,-0.00380,H8,f7
RC4,9.85100,12.41000,0.00000,0.00300,-0.00250,-0.00450,H8,f7
RC4,12.41100,15.75000,0.00000,0.00350,-0.00300,-0.00520,H8,f7
RC4,15.75100,19.69000,0.00000,0.00400,-0.00400,-0.00650,H8,f7
RC4,19.69100,30.09000,0.00000,0.00500,-0.00500,-0.00800,H8,f7
RC4,30.09100,41.49000,0.00000,0.00600,-0.00600,-0.01000,H8,f7
RC4,41.49100,56.19000,0.00000,0.00800,-0.00800,-0.01300,H8,f7
RC4,56.19100,76.39000,0.00000,0.01000,-0.01000,-0.01600,H8,f7
RC4,76.39100,100.90000,0.00000,0.01200,-0.01200,-0.02000,H8,f7
RC4,100.91000,131.90000,0.00000,0.01600,-0.01600,-0.02600,H8,f7
RC4,131.91000,171.90000,0.00000,0.02000,-0.01800,-0.03000,H8,f7
RC5,0.00000,0.12000,0.00000,0.00060,-0.00060,-0.00100,H8,e7
RC5,0.12100,0.24000,0.00000,0.00070,-0.00080,-0.00130,H8,e7
RC5,0.24100,0.40000,0.00000,0.00090,-0.00100,-0.00160,H8,e7
RC5,0.40100,0.71000,0.00000,0.00100,-0.00120,-0.00190,H8,e7
RC5,0.71100,1.19000,0.00000,0.00120,-0.00160,-0.00240,H8,e7
RC5,1.19100,1.97000,0.00000,0.00160,-0.00200,-0.00300,H8,e7
RC5,1.97100,3.15000,0.00000,0.00180,-0.00250,-0.00370,H8,e7
RC5,3.15100,4.73000,0.00000,0.00220,-0.00300,-0.00440,H8,e7
RC5,4.73100,7.09000,0.00000,0.00250,-0.00350,-0.00510,H8,e7
RC5,7.09100,9.85000,0.00000,0.00280,-0.00400,-0.00580,H8,e7
RC5,9.85100,12.41000,0.00000,0.00300,-0.00500,-0.00700,H8,e7
RC5,12.41100,15.75000,0.00000,0.00350,-0.00600,-0.00820,H8,e7
RC5,15.75100,19.69000,0.00000,0.00400,-0.00800,-0.01050,H8,e7
RC5,19.69100,30.09000,0.00000,0.00500,-0.01000,-0.01300,H8,e7
RC5,30.09100,41.49000,0.00000,0.00600,-0.01200,-0.01600,H8,e7
RC5,41.49100,56.19000,0.00000,0.00800,-0.01600,-0.02100,H8,e7
RC5,56.19100,76.39000,0.00000,0.01000,-0.02000,-0.02600,H8,e7
RC5,76.39100,100.90000,0.00000,0.01200,-0.02500,-0.03300,H8,e7
RC5,100.91000,131.90000,0.00000,0.01600,-0.03000,-0.04000,H8,e7
RC5,131.91000,171.90000,0.00000,0.02000,-0.03500,-0.04700,H8,e7
RC6,0.00000,0.12000,0.00000,0.00100,-0.00060,-0.00120,H9,e8
RC6,0.12100,0.24000,0.00000,0.00120,-0.00080,-0.00150,H9,e8
RC6,0.24100,0.40000,0.00000,0.00140,-0.00100,-0.00190,H9,e8
RC6,0.40100,0.71000,0.00000,0.00160,-0.00120,-0.00220,H9,e8
RC6,0.71100,1.19000,0.00000,0.00200,-0.00160,-0.00280,H9,e8
RC6,1.19100,1.97000,0.00000,0.00250,-0.00200,-0.00360,H9,e8
RC6,1.97100,3.15000,0.00000,0.00300,-0.00250,-0.00430,H9,e8
RC6,3.15100,4.73000,0.00000,0.00350,-0.00300,-0.00520,H9,e8
RC6,4.73100,7.09000,0.00000,0.00400,-0.00350,-0.00600,H9,e8
RC6,7.09100,9.85000,0.00000,0.00450,-0.00400,-0.00680,H9,e8
RC6,9.85100,12.41000,0.00000,0.00500,-0.00500,-0.00800,H9,e8
RC6,12.41100,15.75000,0.00000,0.00600,-0.00600,-0.00950,H9,e8
RC6,15.75100,19.69000,0.00000,0.00600,-0.00800,-0.01200,H9,e8
RC6,19.69100,30.09000,0.00000,0.00800,-0.01000,-0.01500,H9,e8
RC6,30.09100,41.49000,0.00000,0.01000,-0.01200,-0.01800,H9,e8
RC6,41.49100,56.19000,0.00000,0.01200,-0.01600,-0.02400,H9,e8
RC6,56.19100,76.39000,0.00000,0.01600,-0.02000,-0.03000,H9,e8
RC6,76.39100,100.90000,0.00000,0.02000,-0.02500,-0.03700,H9,e8
RC6,100.91000,131.90000,0.00000,0.02500,-0.03000,-0.04600,H9,e8
RC6,131.91000,171.90000,0.00000,0.03000,-0.03500,-0.05500,H9,e8
RC7,0.00000,0.12000,0.00000,0.00100,-0.00100,-0.00160,H9,d8
RC7,0.12100,0.24000,0.00000,0.00120,-0.00120,-0.00190,H9,d8
RC7,0.24100,0.40000,0.00000,0.00140,-0.00160,-0.00250,H9,d8
RC7,0.40100,0.71000,0.00000,0.00160,-0.00200,-0.00300,H9,d8
RC7,0.71100,1.19000,0.00000,0.00200,-0.00250,-0.00370,H9,d8
RC7,1.19100,1.97000,0.00000,0.00250,-0.00300,-0.00460,H9,d8
RC7,1.97100,3.15000,0.00000,0.00300,-0.00400,-0.00580,H9,d8
RC7,3.15100,4.73000,0.00000,0.00350,-0.00500,-0.00720,H9,d8
RC7,4.73100,7.09000,0.00000,0.00400,-0.00600,-0.00850,H9,d8
RC7,7.09100,9.85000,0.00000,0.00450,-0.00700,-0.00980,H9,d8
RC7,9.85100,12.41000,0.00000,0.00500,-0.00800,-0.01100,H9,d8
RC7,12.41100,15.75000,0.00000,0.00600,-0.01000,-0.01350,H9,d8
RC7,15.75100,19.69000,0.00000,0.00600,-0.01200,-0.01600,H9,d8
RC7,19.69100,30.09000,0.00000,0.00800,-0.01600,-0.02100,H9,d8
RC7,30.09100,41.49000,0.00000,0.01000,-0.02000,-0.02600,H9,d8
RC7,41.49100,56.19000,0.00000,0.01200,-0.02500,-0.03300,H9,d8
RC7,56.19100,76.39000,0.00000,0.01600,-0.03000,-0.04000,H9,d8
RC7,76.39100,100.90000,0.00000,0.02000,-0.04000,-0.05200,H9,d8
RC7,100.91000,131.90000,0.00000,0.02500,-0.05000,-0.06600,H9,d8
RC7,131.91000,171.90000,0.00000,0.03000,-0.06000,-0.08000,H9,d8
RC8,0.00000,0.12000,0.00000,0.00160,-0.00250,-0.00350,H10,c9
RC8,0.12100,0.24000,0.00000,0.00180,-0.00280,-0.00400,H10,c9
RC8,0.24100,0.40000,0.00000,0.00220,-0.00300,-0.00440,H10,c9
RC8,0.40100,0.71000,0.00000,0.00280,-0.00350,-0.00510,H10,c9
RC8,0.71100,1.19000,0.00000,0.00350,-0.00450,-0.00650,H10,c9
RC8,1.19100,1.97000,0.00000,0.00400,-0.00500,-0.00750,H10,c9
RC8,1.97100,3.15000,0.00000,0.00450,-0.00600,-0.00900,H10,c9
RC8,3.15100,4.73000,0.00000,0.00500,-0.00700,-0.01050,H10,c9
RC8,4.73100,7.09000,0.00000,0.00600,-0.00800,-0.01200,H10,c9
RC8,7.09100,9.85000,0.00000,0.00700,-0.01000,-0.01450,H10,c9
RC8,9.85100,12.41000,0.00000,0.00800,-0.01200,-0.01700,H10,c9
RC8,12.41100,15.75000,0.00000,0.00900,-0.01400,-0.02000,H10,c9
RC8,15.75100,19.69000,0.00000,0.01000,-0.01600,-0.02200,H10,c9
RC8,19.69100,30.09000,0.00000,0.01200,-0.02000,-0.02800,H10,c9
RC8,30.09100,41.49000,0.00000,0.01600,-0.02500,-0.03500,H10,c9
RC8,41.49100,56.19000,0.00000,0.02000,-0.03000,-0.04200,H10,c9
RC8,56.19100,76.39000,0.00000,0.02500,-0.04000,-0.05600,H10,c9
RC8,76.39100,100.90000,0.00000,0.03000,-0.05000,-0.07000,H10,c9
RC8,100.91000,131.90000,0.00000,0.04000,-0.06000,-0.08500,H10,c9
RC8,131.91000,171.90000,0.00000,0.05000,-0.08000,-0.11000,H10,c9
RC9,0.00000,0.12000,0.00000,0.00250,-0.00400,-0.00560,H11,d??
RC9,0.12100,0.24000,0.00000,0.00300,-0.00450,-0.00600,H11,d??
RC9,0.24100,0.40000,0.00000,0.00350,-0.00500,-0.00720,H11,d??
RC9,0.40100,0.71000,0.00000,0.00400,-0.00600,-0.00880,H11,d??
RC9,0.71100,1.19000,0.00000,0.00500,-0.00700,-0.01050,H11,d??
RC9,1.19100,1.97000,0.00000,0.00600,-0.00800,-0.01200,H11,d??
RC9,1.97100,3.15000,0.00000,0.00700,-0.00900,-0.01350,H11,d??
RC9,3.15100,4.73000,0.00000,0.00900,-0.01000,-0.01500,H11,d??
RC9,4.73100,7.09000,0.00000,0.01000,-0.01200,-0.01800,H11,d??
RC9,7.09100,9.85000,0.00000,0.01200,-0.01500,-0.02200,H11,d??
RC9,9.85100,12.41000,0.00000,0.01200,-0.01800,-0.02600,H11,d??
RC9,12.41100,15.75000,0.00000,0.01400,-0.02200,-0.03100,H11,d??
RC9,15.75100,19.69000,0.00000,0.01600,-0.02500,-0.03500,H11,d??
RC9,19.69100,30.09000,0.00000,0.02000,-0.03000,-0.04200,H11,d??
RC9,30.09100,41.49000,0.00000,0.02500,-0.04000,-0.05600,H11,d??
RC9,41.49100,56.19000,0.00000,0.03000,-0.05000,-0.07000,H11,d??
RC9,56.19100,76.39000,0.00000,0.04000,-0.06000,-0.08500,H11,d??
RC9,76.39100,100.90000,0.00000,0.05000,-0.08000,-0.11000,H11,d??
RC9,100.91000,131.90000,0.00000,0.06000,-0.10000,-0.14000,H11,d??
RC9,131.91000,171.90000,0.00000,0.08000,-0.13000,-0.18000,H11,d??
LC1,0.00000,0.12000,0.00000,0.00025,0.00000,-0.00020,H6,h5
LC1,0.12100,0.24000,0.00000,0.00030,0.00000,-0.00020,H6,h5
LC1,0.24100,0.40000,0.00000,0.00040,0.00000,-0.00025,H6,h5
LC1,0.40100,0.71000,0.00000,0.00040,0.00000,-0.00030,H6,h5
LC1,0.71100,1.19000,0.00000,0.00050,0.00000,-0.00040,H6,h5
LC1,1.19100,1.97000,0.00000,0.00060,0.00000,-0.00040,H6,h5
LC1,1.97100,3.15000,0.00000,0.00070,0.00000,-0.00050,H6,h5
LC1,3.15100,4.73000,0.00000,0.00090,0.00000,-0.00060,H6,h5
LC1,4.73100,7.09000,0.00000,0.00100,0.00000,-0.00070,H6,h5
LC1,7.09100,9.85000,0.00000,0.00120,0.00000,-0.00080,H6,h5
LC1,9.85100,12.41000,0.00000,0.00120,0.00000,-0.00090,H6,h5
LC1,12.41100,15.75000,0.00000,0.00140,0.00000,-0.00100,H6,h5
LC1,15.75100,19.69000,0.00000,0.00160,0.00000,-0.00100,H6,h5
LC1,19.69100,30.09000,0.00000,0.00200,0.00000,-0.00120,H6,h5
LC1,30.09100,41.49000,0.00000,0.00250,0.00000,-0.00160,H6,h5
LC1,41.49100,56.19000,0.00000,0.00300,0.00000,-0.00200,H6,h5
LC1,56.19100,76.39000,0.00000,0.00400,0.00000,-0.00250,H6,h5
LC1,76.39100,100.90000,0.00000,0.00500,0.00000,-0.00300,H6,h5
LC1,100.91000,131.90000,0.00000,0.00600,0.00000,-0.00400,H6,h5
LC1,131.91000,171.90000,0.00000,0.00800,0.00000,-0.00500,H6,h5
LC2,0.00000,0.12000,0.00000,0.00030,0.00000,-0.00025,H7,h6
LC2,0.12100,0.24000,0.00000,0.00040,0.00000,-0.00030,H7,h6
LC2,0.24100,0.40000,0.00000,0.00050,0.00000,-0.00035,H7,h6
LC2,0.40100,0.71000,0.00000,0.00060,0.00000,-0.00040,H7,h6
LC2,0.71100,1.19000,0.00000,0.00080,0.00000,-0.00050,H7,h6
LC2,1.19100,1.97000,0.00000,0.00100,0.00000,-0.00060,H7,h6
LC2,1.97100,3.15000,0.00000,0.00120,0.00000,-0.00070,H7,h6
LC2,3.15100,4.73000,0.00000,0.00140,0.00000,-0.00080,H7,h6
LC2,4.73100,7.09000,0.00000,0.00160,0.00000,-0.00100,H7,h6
LC2,7.09100,9.85000,0.00000,0.00200,0.00000,-0.00120,H7,h6
LC2,9.85100,12.41000,0.00000,0.00200,0.00000,-0.00140,H7,h6
LC2,12.41100,15.75000,0.00000,0.00220,0.00000,-0.00160,H7,h6
LC2,15.75100,19.69000,0.00000,0.00250,0.00000,-0.00180,H7,h6
LC2,19.69100,30.09000,0.00000,0.00300,0.00000,-0.00220,H7,h6
LC2,30.09100,41.49000,0.00000,0.00400,0.00000,-0.00280,H7,h6
LC2,41.49100,56.19000,0.00000,0.00500,0.00000,-0.00350,H7,h6
LC2,56.19100,76.39000,0.00000,0.00600,0.00000,-0.00450,H7,h6
LC2,76.39100,100.90000,0.00000,0.00800,0.00000,-0.00600,H7,h6
LC2,100.91000,131.90000,0.00000,0.01000,0.00000,-0.00800,H7,h6
LC2,131.91000,171.90000,0.00000,0.01200,0.00000,-0.01000,H7,h6
LC3,0.00000,0.12000,0.00000,0.00040,0.00000,-0.00030,H7,h6
LC3,0.12100,0.24000,0.00000,0.00050,0.00000,-0.00035,H7,h6
LC3,0.24100,0.40000,0.00000,0.00060,0.00000,-0.00040,H7,h6
LC3,0.40100,0.71000,0.00000,0.00070,0.00000,-0.00050,H7,h6
LC3,0.71100,1.19000,0.00000,0.00090,0.00000,-0.00060,H7,h6
LC3,1.19100,1.97000,0.00000,0.00120,0.00000,-0.00070,H7,h6
LC3,1.97100,3.15000,0.00000,0.00140,0.00000,-0.00080,H7,h6
LC3,3.15100,4.73000,0.00000,0.00180,0.00000,-0.00100,H7,h6
LC3,4.73100,7.09000,0.00000,0.00200,0.00000,-0.00120,H7,h6
LC3,7.09100,9.85000,0.00000,0.00250,0.00000,-0.00140,H7,h6
LC3,9.85100,12.41000,0.00000,0.00250,0.00000,-0.00160,H7,h6
LC3,12.41100,15.75000,0.00000,0.00300,0.00000,-0.00180,H7,h6
LC3,15.75100,19.69000,0.00000,0.00350,0.00000,-0.00200,H7,h6
LC3,19.69100,30.09000,0.00000,0.00400,0.00000,-0.00250,H7,h6
LC3,30.09100,41.49000,0.00000,0.00500,0.00000,-0.00300,H7,h6
LC3,41.49100,56.19000,0.00000,0.00600,0.00000,-0.00400,H7,h6
LC3,56.19100,76.39000,0.00000,0.00800,0.00000,-0.00500,H7,h6
LC3,76.39100,100.90000,0.00000,0.01000,0.00000,-0.00600,H7,h6
LC3,100.91000,131.90000,0.00000,0.01200,0.00000,-0.00800,H7,h6
LC3,131.91000,171.90000,0.00000,0.01600,0.00000,-0.01000,H7,h6
LC4,0.00000,0.12000,0.00000,0.00050,0.00000,-0.00040,H8,h7
LC4,0.12100,0.24000,0.00000,0.00060,0.00000,-0.00050,H8,h7
LC4,0.24100,0.40000,0.00000,0.00080,0.00000,-0.00060,H8,h7
LC4,0.40100,0.71000,0.00000,0.00100,0.00000,-0.00080,H8,h7
LC4,0.71100,1.19000,0.00000,0.00120,0.00000,-0.00100,H8,h7
LC4,1.19100,1.97000,0.00000,0.00160,0.00000,-0.00120,H8,h7
LC4,1.97100,3.15000,0.00000,0.00180,0.00000,-0.00140,H8,h7
LC4,3.15100,4.73000,0.00000,0.00220,0.00000,-0.00160,H8,h7
LC4,4.73100,7.09000,0.00000,0.00250,0.00000,-0.00200,H8,h7
LC4,7.09100,9.85000,0.00000,0.00300,0.00000,-0.00250,H8,h7
LC4,9.85100,12.41000,0.00000,0.00300,0.00000,-0.00280,H8,h7
LC4,12.41100,15.75000,0.00000,0.00350,0.00000,-0.00300,H8,h7
LC4,15.75100,19.69000,0.00000,0.00400,0.00000,-0.00350,H8,h7
LC4,19.69100,30.09000,0.00000,0.00500,0.00000,-0.00400,H8,h7
LC4,30.09100,41.49000,0.00000,0.00600,0.00000,-0.00500,H8,h7
LC4,41.49100,56.19000,0.00000,0.00800,0.00000,-0.00600,H8,h7
LC4,56.19100,76.39000,0.00000,0.01000,0.00000,-0.00800,H8,h7
LC4,76.39100,100.90000,0.00000,0.01200,0.00000,-0.01000,H8,h7
LC4,100.91000,131.90000,0.00000,0.01600,0.00000,-0.01200,H8,h7
LC4,131.91000,171.90000,0.00000,0.02000,0.00000,-0.01600,H8,h7
LC5,0.00000,0.12000,0.00000,0.00060,0.00000,-0.00050,H8,h7
LC5,0.12100,0.24000,0.00000,0.00080,0.00000,-0.00060,H8,h7
LC5,0.24100,0.40000,0.00000,0.00100,0.00000,-0.00080,H8,h7
LC5,0.40100,0.71000,0.00000,0.00120,0.00000,-0.00100,H8,h7
LC5,0.71100,1.19000,0.00000,0.00160,0.00000,-0.00120,H8,h7
LC5,1.19100,1.97000,0.00000,0.00200,0.00000,-0.00160,H8,h7
LC5,1.97100,3.15000,0.00000,0.00250,0.00000,-0.00200,H8,h7
LC5,3.15100,4.73000,0.00000,0.00300,0.00000,-0.00250,H8,h7
LC5,4.73100,7.09000,0.00000,0.00350,0.00000,-0.00300,H8,h7
LC5,7.09100,9.85000,0.00000,0.00400,0.00000,-0.00350,H8,h7
LC5,9.85100,12.41000,0.00000,0.00400,0.00000,-0.00400,H8,h7
LC5,12.41100,15.75000,0.00000,0.00500,0.00000,-0.00450,H8,h7
LC5,15.75100,19.69000,0.00000,0.00600,0.00000,-0.00500,H8,h7
LC5,19.69100,30.09000,0.00000,0.00800,0.00000,-0.00600,H8,h7
LC5,30.09100,41.49000,0.00000,0.01000,0.00000,-0.00800,H8,h7
LC5,41.49100,56.19000,0.00000,0.01200,0.00000,-0.01000,H8,h7
LC5,56.19100,76.39000,0.00000,0.01600,0.00000,-0.01200,H8,h7
LC5,76.39100,100.90000,0.00000,0.02000,0.00000,-0.01600,H8,h7
LC5,100.91000,131.90000,0.00000,0.02500,0.00000,-0.02000,H8,h7
LC5,131.91000,171.90000,0.00000,0.03000,0.00000,-0.02500,H8,h7
LC6,0.00000,0.12000,0.00000,0.00080,0.00000,-0.00060,H9,h8
LC6,0.12100,0.24000,0.00000,0.00100,0.00000,-0.00080,H9,h8
LC6,0.24100,0.40000,0.00000,0.00120,0.00000,-0.00100,H9,h8
LC6,0.40100,0.71000,0.00000,0.00160,0.00000,-0.00120,H9,h8
LC6,0.71100,1.19000,0.00000,0.00200,0.00000,-0.00160,H9,h8
LC6,1.19100,1.97000,0.00000,0.00250,0.00000,-0.00200,H9,h8
LC6,1.97100,3.15000,0.00000,0.00300,0.00000,-0.00250,H9,h8
LC6,3.15100,4.73000,0.00000,0.00350,0.00000,-0.00300,H9,h8
LC6,4.73100,7.09000,0.00000,0.00400,0.00000,-0.00350,H9,h8
LC6,7.09100,9.85000,0.00000,0.00500,0.00000,-0.00400,H9,h8
LC6,9.85100,12.41000,0.00000,0.00500,0.00000,-0.00500,H9,h8
LC6,12.41100,15.75000,0.00000,0.00600,0.00000,-0.00600,H9,h8
LC6,15.75100,19.69000,0.00000,0.00600,0.00000,-0.00800,H9,h8
LC6,19.69100,30.09000,0.00000,0.00800,0.00000,-0.01000,H9,h8
LC6,30.09100,41.49000,0.00000,0.01000,0.00000,-0.01200,H9,h8
LC6,41.49100,56.19000,0.00000,0.01200,0.00000,-0.01600,H9,h8
LC6,56.19100,76.39000,0.00000,0.01600,0.00000,-0.02000,H9,h8
LC6,76.39100,100.90000,0.00000,0.02000,0.00000,-0.02500,H9,h8
LC6,100.91000,131.90000,0.00000,0.02500,0.00000,-0.03000,H9,h8
LC6,131.91000,171.90000,0.00000,0.03000,0.00000,-0.03500,H9,h8
LC7,0.00000,0.12000,0.00000,0.00100,0.00000,-0.00080,H9,h8
LC7,0.12100,0.24000,0.00000,0.00120,0.00000,-0.00100,H9,h8
LC7,0.24100,0.40000,0.00000,0.00160,0.00000,-0.00120,H9,h8
LC7,0.40100,0.71000,0.00000,0.00200,0.00000,-0.00160,H9,h8
LC7,0.71100,1.19000,0.00000,0.00250,0.00000,-0.00200,H9,h8
LC7,1.19100,1.97000,0.00000,0.00300,0.00000,-0.00250,H9,h8
LC7,1.97100,3.15000,0.00000,0.00350,0.00000,-0.00300,H9,h8
LC7,3.15100,4.73000,0.00000,0.00400,0.00000,-0.00350,H9,h8
LC7,4.73100,7.09000,0.00000,0.00500,0.00000,-0.00400,H9,h8
LC7,7.09100,9.85000,0.00000,0.00600,0.00000,-0.00500,H9,h8
LC7,9.85100,12.41000,0.00000,0.00600,0.00000,-0.00600,H9,h8
LC7,12.41100,15.75000,0.00000,0.00800,0.00000,-0.00800,H9,h8
LC7,15.75100,19.69000,0.00000,0.00800,0.00000,-0.01000,H9,h8
LC7,19.69100,30.09000,0.00000,0.01000,0.00000,-0.01200,H9,h8
LC7,30.09100,41.49000,0.00000,0.01200,0.00000,-0.01600,H9,h8
LC7,41.49100,56.19000,0.00000,0.01600,0.00000,-0.02000,H9,h8
LC7,56.19100,76.39000,0.00000,0.02000,0.00000,-0.02500,H9,h8
LC7,76.39100,100.90000,0.00000,0.02500,0.00000,-0.03000,H9,h8
LC7,100.91000,131.90000,0.00000,0.03000,0.00000,-0.04000,H9,h8
LC7,131.91000,171.90000,0.00000,0.04000,0.00000,-0.05000,H9,h8
LC8,0.00000,0.12000,0.00000,0.00120,0.00000,-0.00100,H10,h9
LC8,0.12100,0.24000,0.00000,0.00160,0.00000,-0.00120,H10,h9
LC8,0.24100,0.40000,0.00000,0.00200,0.00000,-0.00160,H10,h9
LC8,0.40100,0.71000,0.00000,0.00250,0.00000,-0.00200,H10,h9
LC8,0.71100,1.19000,0.00000,0.00300,0.00000,-0.00250,H10,h9
LC8,1.19100,1.97000,0.00000,0.00400,0.00000,-0.00300,H10,h9
LC8,1.97100,3.15000,0.00000,0.00500,0.00000,-0.00400,H10,h9
LC8,3.15100,4.73000,0.00000,0.00600,0.00000,-0.00500,H10,h9
LC8,4.73100,7.09000,0.00000,0.00800,0.00000,-0.00600,H10,h9
LC8,7.09100,9.85000,0.00000,0.01000,0.00000,-0.00800,H10,h9
LC8,9.85100,12.41000,0.00000,0.01200,0.00000,-0.01000,H10,h9
LC8,12.41100,15.75000,0.00000,0.01400,0.00000,-0.01200,H10,h9
LC8,15.75100,19.69000,0.00000,0.01600,0.00000,-0.01400,H10,h9
LC8,19.69100,30.09000,0.00000,0.02000,0.00000,-0.01600,H10,h9
LC8,30.09100,41.49000,0.00000,0.02500,0.00000,-0.02000,H10,h9
LC8,41.49100,56.19000,0.00000,0.03000,0.00000,-0.02500,H10,h9
LC8,56.19100,76.39000,0.00000,0.04000,0.00000,-0.03000,H10,h9
LC8,76.39100,100.90000,0.00000,0.05000,0.00000,-0.04000,H10,h9
LC8,100.91000,131.90000,0.00000,0.06000,0.00000,-0.05000,H10,h9
LC8,131.91000,171.90000,0.00000,0.08000,0.00000,-0.06000,H10,h9
LC9,0.00000,0.12000,0.00000,0.00160,0.00000,-0.00120,H11,h10
LC9,0.12100,0.24000,0.00000,0.00200,0.00000,-0.00160,H11,h10
LC9,0.24100,0.40000,0.00000,0.00250,0.00000,-0.00200,H11,h10
LC9,0.40100,0.71000,0.00000,0.00300,0.00000,-0.00250,H11,h10
LC9,0.71100,1.19000,0.00000,0.00400,0.00000,-0.00300,H11,h10
LC9,1.19100,1.97000,0.00000,0.00500,0.00000,-0.00400,H11,h10
LC9,1.97100,3.15000,0.00000,0.00600,0.00000,-0.00500,H11,h10
LC9,3.15100,4.73000,0.00000,0.00800,0.00000,-0.00600,H11,h10
LC9,4.73100,7.09000,0.00000,0.01000,0.00000,-0.00800,H11,h10
LC9,7.09100,9.85000,0.00000,0.01200,0.00000,-0.01000,H11,h10
LC9,9.85100,12.41000,0.00000,0.01400,0.00000,-0.01200,H11,h10
LC9,12.41100,15.75000,0.00000,0.01600,0.00000,-0.01400,H11,h10
LC9,15.75100,19.69000,0.00000,0.02000,0.00000,-0.01600,H11,h10
LC9,19.69100,30.09000,0.00000,0.02500,0.00000,-0.02000,H11,h10
LC9,30.09100,41.49000,0.00000,0.03000,0.00000,-0.02500,H11,h10
LC9,41.49100,56.19000,0.00000,0.04000,0.00000,-0.03000,H11,h10
LC9,56.19100,76.39000,0.00000,0.05000,0.00000,-0.04000,H11,h10
LC9,76.39100,100.90000,0.00000,0.06000,0.00000,-0.05000,H11,h10
LC9,100.91000,131.90000,0.00000,0.08000,0.00000,-0.06000,H11,h10
LC9,131.91000,171.90000,0.00000,0.10000,0.00000,-0.08000,H11,h10
LC10,0.00000,0.12000,0.00000,0.00200,0.00000,-0.00160,H12,h11
LC10,0.12100,0.24000,0.00000,0.00250,0.00000,-0.00200,H12,h11
LC10,0.24100,0.40000,0.00000,0.00300,0.00000,-0.00250,H12,h11
LC10,0.40100,0.71000,0.00000,0.00400,0.00000,-0.00300,H12,h11
LC10,0.71100,1.19000,0.00000,0.00500,0.00000,-0.00400,H12,h11
LC10,1.19100,1.97000,0.00000,0.00600,0.00000,-0.00500,H12,h11
LC10,1.97100,3.15000,0.00000,0.00800,0.00000,-0.00600,H12,h11
LC10,3.15100,4.73000,0.00000,0.01000,0.00000,-0.00800,H12,h11
LC10,4.73100,7.09000,0.00000,0.01200,0.00000,-0.01000,H12,h11
LC10,7.09100,9.85000,0.00000,0.01600,0.00000,-0.01200,H12,h11
LC10,9.85100,12.41000,0.00000,0.01800,0.00000,-0.01400,H12,h11
LC10,12.41100,15.75000,0.00000,0.02000,0.00000,-0.01600,H12,h11
LC10,15.75100,19.69000,0.00000,0.02500,0.00000,-0.01800,H12,h11
LC10,19.69100,30.09000,0.00000,0.03000,0.00000,-0.02200,H12,h11
LC10,30.09100,41.49000,0.00000,0.04000,0.00000,-0.03000,H12,h11
LC10,41.49100,56.19000,0.00000,0.05000,0.00000,-0.04000,H12,h11
LC10,56.19100,76.39000,0.00000,0.06000,0.00000,-0.05000,H12,h11
LC10,76.39100,100.90000,0.00000,0.08000,0.00000,-0.06000,H12,h11
LC10,100.91000,131.90000,0.00000,0.10000,0.00000,-0.08000,H12,h11
LC10,131.91000,171.90000,0.00000,0.12000,0.00000,-0.10000,H12,h11
LC11,0.00000,0.12000,0.00000,0.00250,0.00000,-0.00200,H13,h12
LC11,0.12100,0.24000,0.00000,0.00300,0.00000,-0.00250,H13,h12
LC11,0.24100,0.40000,0.00000,0.00400,0.00000,-0.00300,H13,h12
LC11,0.40100,0.71000,0.00000,0.00500,0.00000,-0.00400,H13,h12
LC11,0.71100,1.19000,0.00000,0.00600,0.00000,-0.00500,H13,h12
LC11,1.19100,1.97000,0.00000,0.00800,0.00000,-0.00600,H13,h12
LC11,1.97100,3.15000,0.00000,0.01000,0.00000,-0.00800,H13,h12
LC11,3.15100,4.73000,0.00000,0.01200,0.00000,-0.01000,H13,h12
LC11,4.73100,7.09000,0.00000,0.01600,0.00000,-0.01200,H13,h12
LC11,7.09100,9.85000,0.00000,0.02000,0.00000,-0.01600,H13,h12
LC11,9.85100,12.41000,0.00000,0.02500,0.00000,-0.01800,H13,h12
LC11,12.41100,15.75000,0.00000,0.03000,0.00000,-0.02000,H13,h12
LC11,15.75100,19.69000,0.00000,0.03500,0.00000,-0.02500,H13,h12
LC11,19.69100,30.09000,0.00000,0.04000,0.00000,-0.03000,H13,h12
LC11,30.09100,41.49000,0.00000,0.05000,0.00000,-0.04000,H13,h12
LC11,41.49100,56.19000,0.00000,0.06000,0.00000,-0.05000,H13,h12
LC11,56.19100,76.39000,0.00000,0.08000,0.00000,-0.06000,H13,h12
LC11,76.39100,100.90000,0.00000,0.10000,0.00000,-0.08000,H13,h12
LC11,100.91000,131.90000,0.00000,0.12000,0.00000,-0.10000,H13,h12
LC11,131.91000,171.90000,0.00000,0.16000,0.00000,-0.12000,H13,h12
FN1,0.00000,0.12000,0.00000,0.00025,0.00030,0.00050,H6,FN1 (ANSI B4.1)
FN1,0.12100,0.24000,0.00000,0.00030,0.00040,0.00060,H6,FN1 (ANSI B4.1)
FN1,0.24100,0.40000,0.00000,0.00040,0.00050,0.00075,H6,FN1 (ANSI B4.1)
FN1,0.40100,0.56000,0.00000,0.00040,0.00050,0.00080,H6,FN1 (ANSI B4.1)
FN1,0.56100,0.71000,0.00000,0.00040,0.00060,0.00090,H6,FN1 (ANSI B4.1)
FN1,0.71100,0.95000,0.00000,0.00070,0.00050,0.00110,H6,FN1 (ANSI B4.1)
FN1,0.95100,1.19000,0.00000,0.00050,0.00080,0.00120,H6,FN1 (ANSI B4.1)
FN1,1.19100,1.58000,0.00000,0.00060,0.00090,0.00130,H6,FN1 (ANSI B4.1)
FN1,1.58100,1.97000,0.00000,0.00060,0.00100,0.00140,H6,FN1 (ANSI B4.1)
FN1,1.97100,2.56000,0.00000,0.00070,0.00130,0.00180,H6,FN1 (ANSI B4.1)
FN1,2.56100,3.15000,0.00000,0.00070,0.00140,0.00190,H6,FN1 (ANSI B4.1)
FN1,3.15100,3.94000,0.00000,0.00090,0.00180,0.00240,H6,FN1 (ANSI B4.1)
FN1,3.94100,4.73000,0.00000,0.00090,0.00200,0.00260,H6,FN1 (ANSI B4.1)
FN1,4.73100,5.52000,0.00000,0.00100,0.00220,0.00290,H6,FN1 (ANSI B4.1)
FN1,5.52100,6.30000,0.00000,0.00100,0.00250,0.00320,H6,FN1 (ANSI B4.1)
FN1,6.31000,7.09000,0.00000,0.00100,0.00280,0.00350,H6,FN1 (ANSI B4.1)
FN1,7.09100,7.88000,0.00000,0.00120,0.00300,0.00380,H6,FN1 (ANSI B4.1)
FN1,7.88100,8.86000,0.00000,0.00120,0.00350,0.00430,H6,FN1 (ANSI B4.1)
FN2,0.00000,0.12000,0.00000,0.00040,0.00060,0.00085,H7,s6
FN2,0.12100,0.24000,0.00000,0.00050,0.00070,0.00100,H7,s6
FN2,0.24100,0.40000,0.00000,0.00060,0.00100,0.00140,H7,s6
FN2,0.40100,0.56000,0.00000,0.00070,0.00120,0.00160,H7,s6
FN2,0.56100,0.71000,0.00000,0.00070,0.00120,0.00160,H7,s6
FN2,0.71100,0.95000,0.00000,0.00080,0.00140,0.00190,H7,s6
FN2,0.95100,1.19000,0.00000,0.00080,0.00140,0.00190,H7,s6
FN2,1.19100,1.58000,0.00000,0.00100,0.00180,0.00240,H7,s6
FN2,1.58100,1.97000,0.00000,0.00100,0.00180,0.00240,H7,s6
FN2,1.97100,2.56000,0.00000,0.00120,0.00200,0.00270,H7,s6
FN2,2.56100,3.15000,0.00000,0.00120,0.00220,0.00290,H7,s6
FN2,3.15100,3.94000,0.00000,0.00140,0.00280,0.00370,H7,s6
FN2,3.94100,4.73000,0.00000,0.00140,0.00300,0.00390,H7,s6
FN2,4.73100,5.52000,0.00000,0.00160,0.00350,0.00450,H7,s6
FN2,5.52100,6.30000,0.00000,0.00160,0.00400,0.00500,H7,s6
FN2,6.31000,7.09000,0.00000,0.00160,0.00450,0.00550,H7,s6
FN2,7.09100,7.88000,0.00000,0.00180,0.00500,0.00620,H7,s6
FN2,7.88100,8.86000,0.00000,0.00180,0.00500,0.00620,H7,s6
FN3,0.00000,0.12000,0.00000,0.00040,0.00000,0.00000,H7,t6
FN3,0.12100,0.24000,0.00000,0.00050,0.00000,0.00000,H7,t6
FN3,0.24100,0.40000,0.00000,0.00060,0.00000,0.00000,H7,t6
FN3,0.40100,0.56000,0.00000,0.00070,0.00000,0.00000,H7,t6
FN3,0.56100,0.71000,0.00000,0.00070,0.00000,0.00000,H7,t6
FN3,0.71100,0.95000,0.00000,0.00080,0.00000,0.00000,H7,t6
FN3,0.95100,1.19000,0.00000,0.00080,0.00000,0.00000,H7,t6
FN3,1.19100,1.58000,0.00000,0.00100,0.00200,0.00260,H7,t6
FN3,1.58100,1.97000,0.00000,0.00100,0.00220,0.00280,H7,t6
FN3,1.97100,2.56000,0.00000,0.00120,0.00250,0.00320,H7,t6
FN3,2.56100,3.15000,0.00000,0.00120,0.00300,0.00370,H7,t6
FN3,3.15100,3.94000,0.00000,0.00140,0.00350,0.00440,H7,t6
FN3,3.94100,4.73000,0.00000,0.00140,0.00400,0.00490,H7,t6
FN3,4.73100,5.52000,0.00000,0.00160,0.00500,0.00600,H7,t6
FN3,5.52100,6.30000,0.00000,0.00160,0.00500,0.00600,H7,t6
FN3,6.31000,7.09000,0.00000,0.00160,0.00600,0.00700,H7,t6
FN3,7.09100,7.88000,0.00000,0.00180,0.00700,0.00820,H7,t6
FN3,7.88100,8.86000,0.00000,0.00180,0.00700,0.00820,H7,t6
FN4,0.00000,0.12000,0.00000,0.00040,0.00070,0.00095,H7,u6
FN4,0.12100,0.24000,0.00000,0.00050,0.00090,0.00120,H7,u6
FN4,0.24100,0.40000,0.00000,0.00060,0.00120,0.00160,H7,u6
FN4,0.40100,0.56000,0.00000,0.00070,0.00140,0.00180,H7,u6
FN4,0.56100,0.71000,0.00000,0.00070,0.00140,0.00180,H7,u6
FN4,0.71100,0.95000,0.00000,0.00080,0.00160,0.00210,H7,u6
FN4,0.95100,1.19000,0.00000,0.00180,0.00080,0.00230,H7,u6
FN4,1.19100,1.58000,0.00000,0.00100,0.00250,0.00310,H7,u6
FN4,1.58100,1.97000,0.00000,0.00100,0.00280,0.00340,H7,u6
FN4,1.97100,2.56000,0.00000,0.00120,0.00350,0.00420,H7,u6
FN4,2.56100,3.15000,0.00000,0.00120,0.00400,0.00470,H7,u6
FN4,3.15100,3.94000,0.00000,0.00140,0.00500,0.00590,H7,u6
FN4,3.94100,4.73000,0.00000,0.00140,0.00600,0.00690,H7,u6
FN4,4.73100,5.52000,0.00000,0.00160,0.00700,0.00800,H7,u6
FN4,5.52100,6.30000,0.00000,0.00160,0.00700,0.00800,H7,u6
FN4,6.31000,7.09000,0.00000,0.00160,0.00800,0.00900,H7,u6
FN4,7.09100,7.88000,0.00000,0.00180,0.00900,0.01020,H7,u6
FN4,7.88100,8.86000,0.00000,0.00180,0.01000,0.01120,H7,u6
FN5,0.00000,0.12000,0.00000,0.00060,0.00090,0.00130,H8,x7
FN5,0.12100,0.24000,0.00000,0.00070,0.00120,0.00170,H8,x7
FN5,0.24100,0.40000,0.00000,0.00090,0.00140,0.00200,H8,x7
FN5,0.40100,0.56000,0.00000,0.00100,0.00160,0.00230,H8,x7
FN5,0.56100,0.71000,0.00000,0.00100,0.00180,0.00250,H8,x7
FN5,0.71100,0.95000,0.00000,0.00120,0.00220,0.00300,H8,x7
FN5,0.95100,1.19000,0.00000,0.00120,0.00250,0.00330,H8,x7
FN5,1.19100,1.58000,0.00000,0.00160,0.00300,0.00400,H8,x7
FN5,1.58100,1.97000,0.00000,0.00160,0.00400,0.00500,H8,x7
FN5,1.97100,2.56000,0.00000,0.00180,0.00500,0.00620,H8,x7
FN5,2.56100,3.15000,0.00000,0.00180,0.00600,0.00720,H8,x7
FN5,3.15100,3.94000,0.00000,0.00220,0.00700,0.00840,H8,x7
FN5,3.94100,4.73000,0.00000,0.00220,0.00800,0.00940,H8,x7
FN5,4.73100,5.52000,0.00000,0.00250,0.01000,0.01160,H8,x7
FN5,5.52100,6.30000,0.00000,0.00250,0.01200,0.01360,H8,x7
FN5,6.31000,7.09000,0.00000,0.00250,0.01200,0.01360,H8,x7
FN5,7.09100,7.88000,0.00000,0.00280,0.01400,0.01580,H8,x7
FN5,7.88100,8.86000,0.00000,0.00280,0.01600,0.01780,H8,x7
